Date,Open,High,Low,Close,Wolumen
2021-07-11,314.4,326.49,312.38,325.96
2021-07-12,325.98,334.28,308.76,313.82
2021-07-13,313.82,318.22,305.33,307.6
2021-07-14,307.6,313.28,290.76,309.09
2021-07-15,309.09,323.88,301.73,317.58
2021-07-16,317.05,323.33,301.78,304.51
2021-07-17,304.47,306.79,295.23,302.79
2021-07-18,302.86,309.18,299.6,307.67
2021-07-19,307.67,308.02,279.15,281.27
2021-07-20,281.17,283.85,255.24,266.54
2021-07-21,266.51,298.71,261.15,286.34
2021-07-22,286.34,298.62,286.14,293.29
2021-07-23,292.99,301.11,281.55,289.82
2021-07-24,289.83,307.98,289.67,299.66
2021-07-25,299.67,304.29,292.82,299.73
2021-07-26,299.73,327.5,298.92,305.03
2021-07-27,305.12,318.48,298.4,309.25
2021-07-28,309.58,318.65,307.96,312.78
2021-07-29,312.89,316.07,308.87,313.18
2021-07-30,313.25,325.71,306.65,320.05
2021-07-31,320.06,338.56,317.89,337.93
2021-08-01,337.59,347.84,331.12,341.03
2021-08-02,341.03,342.36,326.37,330.96
2021-08-03,330.75,334.56,317.68,322.27
2021-08-04,322.2,336.62,319.8,335.3
2021-08-05,335.28,339.93,323.75,338.13
2021-08-06,338.14,347.32,331.31,338.91
2021-08-07,338.97,359.71,338.73,350.48
2021-08-08,350.25,360.05,337.1,343.36
2021-08-09,343.24,357.46,333.68,351.88
2021-08-10,351.92,376.27,349.03,373.58
2021-08-11,373.59,408.61,369.53,400.71
2021-08-12,400.64,406.34,372.17,384.43
2021-08-13,384.68,407.04,376.41,404.32
2021-08-14,404.32,419.08,400.71,409.68
2021-08-15,409.68,411.42,396.76,410.75
2021-08-16,410.6,437.13,410.6,420.11
2021-08-17,420.11,435.76,401.79,404.39
2021-08-18,404.38,412.03,386.24,393.6
2021-08-19,392.93,430.26,391.02,428.86
2021-08-20,428.83,457.72,421.85,457.32
2021-08-21,457.45,460.27,445.13,451.93
2021-08-22,451.94,458.49,438.28,443.63
2021-08-23,443.93,509.63,442.64,508.64
2021-08-24,508.56,508.56,462.64,476.45
2021-08-25,476.68,507.17,470.09,502.99
2021-08-26,503.11,518.75,472.16,484.44
2021-08-27,484.59,495.11,467.35,493.88
2021-08-28,493.51,496.83,482.86,487.85
2021-08-29,487.85,495.84,476.98,480.46
2021-08-30,480.52,484.35,463.14,477.94
2021-08-31,477.94,478.6,452.38,462.79
2021-09-01,462.54,489.57,455.77,487.57
2021-09-02,487.65,504.85,478.68,489.49
2021-09-03,489.48,494.6,473.66,490.27
2021-09-04,490.27,509.94,483.69,500.44
2021-09-05,500.42,504.96,488.96,503.68
2021-09-06,503.75,509.27,488.15,499.19
2021-09-07,499.28,504.94,371.37,410.59
2021-09-08,411.22,425.21,383.26,413.5
2021-09-09,413.37,435.81,404.25,422.04
2021-09-10,422.11,439.26,394.4,398.41
2021-09-11,398.08,415.08,394.23,409.91
2021-09-12,409.91,421.5,397.99,409.99
2021-09-13,410.01,419.95,386.19,400.73
2021-09-14,400.56,411.96,396.42,406.78
2021-09-15,406.63,436.6,405.98,430.03
2021-09-16,429.94,433.11,415.79,422.18
2021-09-17,422.29,425.94,400.79,405.57
2021-09-18,405.77,419.68,401.63,408.83
2021-09-19,408.87,418.98,403.44,412.74
2021-09-20,412.8,413.93,354.77,366.22
2021-09-21,366.28,375.59,337.18,352.33
2021-09-22,352.31,379.78,342.54,377.24
2021-09-23,377.27,383.95,369.34,381.61
2021-09-24,381.62,385.21,334.67,357.82
2021-09-25,357.82,360.66,343.97,349.28
2021-09-26,349.29,352.71,319.97,348.84
2021-09-27,348.73,357.41,336.53,341.54
2021-09-28,341.58,344.43,330.04,338.88
2021-09-29,338.88,375.2,331.5,363.55
2021-09-30,363.61,387.43,362.32,386
2021-10-01,385.94,423.54,381.42,421.69
2021-10-02,421.57,438.4,411.14,436.71
2021-10-03,436.59,437.79,422.36,426.98
2021-10-04,426.97,431.54,411.84,425.4
2021-10-05,425.4,444,421.41,442.62
2021-10-06,442.6,443.98,415.26,433.92
2021-10-07,433.91,450.24,423.9,444.21
2021-10-08,444.26,444.37,416.34,419.71
2021-10-09,419.77,426.04,416.76,421.74
2021-10-10,421.9,422.4,402.96,407.39
2021-10-11,407.38,423.78,401.14,410.67
2021-10-12,410.67,442.44,392.56,439.44
2021-10-13,438.52,467.79,433.52,462.25
2021-10-14,462.23,482.7,461.69,470.15
2021-10-15,470.15,477.33,452.68,472.89
2021-10-16,472.85,484.33,462.75,464.85
2021-10-17,464.71,472.46,455.24,466.46
2021-10-18,466.51,483.89,466.51,482.05
2021-10-19,481.97,497.53,481.15,485.13
2021-10-20,484.96,505.81,481.74,501.72
2021-10-21,501.69,504.89,397.17,476.14
2021-10-22,476.15,498.05,471.12,475.9
2021-10-23,475.71,484.51,472.74,482.02
2021-10-24,482.02,486.34,468.04,476.13
2021-10-25,476.39,488.5,474.9,484.42
2021-10-26,484.51,489.54,480.69,480.94
2021-10-27,481.35,486.39,440.56,454.68
2021-10-28,454.61,494.88,446.94,490.04
2021-10-29,490.05,533.83,487.84,530.94
2021-10-30,530.92,540.54,512.24,524.44
2021-10-31,524.44,535.26,509.82,525.52
2021-11-01,525.5,548.03,512.15,544.56
2021-11-02,544.56,564.34,538.04,557.1
2021-11-03,557.2,570.19,538.17,566.75
2021-11-04,566.7,569.76,544.48,558.15
2021-11-05,558.22,615.57,555.09,607.28
2021-11-06,607.09,630.59,595.82,630.19
2021-11-07,630.09,669.64,630.09,645.27
2021-11-08,645.85,654.57,632.49,652.23
2021-11-09,652.51,656.95,632.39,636.74
2021-11-10,636.57,662.71,577.24,610.12
2021-11-11,610.16,635.22,602.47,632.49
2021-11-12,632.55,634.57,603.86,623.54
2021-11-13,623.74,655.06,620.76,650.67
2021-11-14,650.75,660.64,635.2,648.68
2021-11-15,648.47,659.85,630.92,637.1
2021-11-16,637.1,637.1,573.75,591.71
2021-11-17,591.75,592.85,554.51,575.16
2021-11-18,575.31,588.08,517.39,529.15
2021-11-19,529.67,585.79,524.78,581.43
2021-11-20,581.36,604.44,573.86,604.04
2021-11-21,604,605.74,580.55,589.18
2021-11-22,589.64,591.54,554.54,563.92
2021-11-23,563.86,605.199,558.55,593.121
2021-11-24,593.44,594.251,577.07,588.498
2021-11-25,588.498,647.392,587.915,639.848
2021-11-26,639.934,658.978,564.795,590.289
2021-11-27,590.386,621.27,583.907,607.821
2021-11-28,607.37,609.995,572.561,603.022
2021-11-29,603.116,629.559,602.304,623.605
2021-11-30,623.415,635.344,604.092,626.764
2021-12-01,626.678,650.345,619.08,624.497
2021-12-02,624.611,631.074,606.225,624.209
2021-12-03,624.262,628.307,575.314,591.97
2021-12-04,591.976,598.552,494.412,564.597
2021-12-05,564.597,582.429,543.089,554.657
2021-12-06,554.657,592.958,534.14,590.029
2021-12-07,590.029,593.5,572.99,573.817
2021-12-08,573.817,603.212,567.793,598.138
2021-12-09,598.151,617.766,568.146,577.802
2021-12-10,577.802,595.201,555,562.714
2021-12-11,563.063,573.098,542.713,561.2
2021-12-12,561.05,574.732,559.671,571
2021-12-13,571.096,572.401,511.234,529.823
2021-12-14,529.8,535.844,510.341,526.801
2021-12-15,526.523,546.8733,502.0509,537.7224
2021-12-16,537.9226,545.5726,527.8055,533.36
2021-12-17,533.36,535.9678,511.4534,528.3112
2021-12-18,528.7114,538.0151,517.0067,535.6142
2021-12-19,535.6142,544.4633,527.6582,533.6667
2021-12-20,533.5666,534.8604,506.4013,521.9565
2021-12-21,521.5085,535.7142,509.9529,531.1124
2021-12-22,531.1124,544.8634,527.4109,539.0694
2021-12-23,539.0694,552.721,524.9574,548.8743
2021-12-24,548.7194,554.5771,541.0704,543.2257
2021-12-25,543.1257,550.6752,537.7224,547.719
2021-12-26,547.719,549.7747,536.1679,548.3741,431717
2021-12-27,548.274,571.8715,543.2629,570.7712,1069114
2021-12-28,570.8712,571.3714,528.5529,536.0072,1548108
2021-12-29,536.0072,540.6081,517.0517,520.004,1123870
2021-12-30,519.8039,527.8055,508.4508,517.7035,1104365
2021-12-31,517.7035,528.3056,506.2506,511.5512,1130708.158616
2022-01-01,511.5512,527.4055,510.7511,525.6051,765868.04604409
2022-01-02,525.7051,533.9068,518.3036,531.5063,654013.59265702
2022-01-03,531.6063,532.8,510.051,512.6513,975558.32592193
2022-01-04,512.5512,520,502,510.049,1220516.9910435
2022-01-05,510.049,515.8484,457.3543,475.7524,1444529.6669365
2022-01-06,475.9524,481.2519,458.9541,476.4524,1709939.9479742
2022-01-07,476.4524,476.6906,437.5125,447.9552,1867580.894333
2022-01-08,447.9552,459.654,415.7584,435.1,1223023.9788129
2022-01-09,435.1,444.5,427.1,440.2,1066572.9101229
2022-01-10,440.3,445.5,407.7592,423.1,1424415.8634559
2022-01-11,423.1,467.7468,421.3579,461.6462,2099361.4402419
2022-01-12,461.5462,489.7958,456.7913,485.3941,1372867.9989383
2022-01-13,485.3941,489.4446,466.9867,476.9907,1421294.204169
2022-01-14,476.8907,492.3969,467.8871,490.4471,1422835.1805149
2022-01-15,490.4471,501.1004,485.3941,496.1479,897579.44019766
2022-01-16,496.1479,505.9023,488.7954,499.3997,841472.7540538
2022-01-17,499.4997,499.9999,467.1868,473.5894,1228737.7467729
2022-01-18,473.4893,479.7918,457.4372,472.9418,1215287.0509353
2022-01-19,472.9418,474.1896,453.8361,468.5405,919304.7595816
2022-01-20,468.6405,478.7436,444.8445,447.8896,1819124.8908006
2022-01-21,447.8896,448.1896,374.8124,382.1146,2354856.3468468
2022-01-22,382.3765,389.6168,336.9674,355.1065,3218786.2760502
2022-01-23,355.1065,389.0778,353.9708,371.2742,2041574.5840501
2022-01-24,371.4743,386.5773,337.0011,368.2104,1961836.5934285
2022-01-25,368.1104,388.3941,357.6072,382.291,1634661.4058048
2022-01-26,382.4912,401.2406,366.5832,373.2238,1452724.318887
2022-01-27,373.1237,393.4573,360.144,387.6937,1316607.8069445
2022-01-28,387.555,395.6187,375.9127,384.1768,1005266.9858165
2022-01-29,384.0768,397.3192,380.7761,389.9169,779640.56555348
2022-01-30,389.9169,389.9169,372.8491,376.3505,739704.97056728
2022-01-31,376.3505,385.4926,365.5462,376.188,807048.69466954
2022-02-01,376.288,388.3941,373.9242,386.0315,811284.09428206
2022-02-02,385.9314,387.1321,366.4465,369.5323,722616.21775139
2022-02-03,369.5323,371.1596,359.8798,369.3846,698530.13301983
2022-02-04,369.2846,398.539,368.7474,396.1166,1011120.2759375
2022-02-05,396.1166,431.2586,395.5162,414.5486,1409126.1783999
2022-02-06,414.4485,421.5528,407.2442,411.6646,767782.43326235
2022-02-07,411.5646,439.2511,411.0054,435.0043,1062132.8971244
2022-02-08,435.0043,445.6117,406.5844,410.6693,1499633.8791603
2022-02-09,410.5692,427.9848,407.4664,423.6655,1028016.9459159
2022-02-10,423.7656,435.1478,410.369,419.6936,1097456.5654053
2022-02-11,419.6936,419.7936,392.9571,394.2182,899724.86430187
2022-02-12,394.1182,407.2442,392.2744,403.4016,812128.76729278
2022-02-13,403.4016,407.8446,395.0369,400.1399,573691.60629221
2022-02-14,399.9398,404.6426,390.8344,403.7018,658258.39091361
2022-02-15,403.7018,442.4653,402.9013,430.258,1583824.2715718
2022-02-16,430.3581,434.1603,422.5534,428.3141,867111.41708688
2022-02-17,428.214,431.3587,400.24,405.2835,876739.54399983
2022-02-18,405.1834,411.2877,393.1357,397.9386,791746.42188572
2022-02-19,397.7385,406.6438,393.1965,399.0994,584411.52032408
2022-02-20,399.1995,400.7403,375.25,384.9924,785224.23388545
2022-02-21,384.9924,393.8575,360.244,363.4817,1253661.2720358
2022-02-22,363.3816,373.7868,348.9046,370.9854,1350677.5683969
2022-02-23,370.9854,384.3921,366.3197,371.2226,986337.92557211
2022-02-24,371.2226,371.3227,323.9619,354.9419,1753086.5910088
2022-02-25,355.142,375.0874,355.142,375.0874,1073485.4928351
2022-02-26,374.9874,386.2544,370.7482,373.6494,737930.45962618
2022-02-27,373.6494,381.3906,358.3791,363.2815,876919.82054467
2022-02-28,363.1452,397.3589,356.0424,392.8571,929848.87303731
2022-03-01,393.6574,424.7122,391.0564,407.6223,1603318.0903336
2022-03-02,407.6223,415.8247,403.8808,409.5819,953457.06287695
2022-03-03,409.5819,413.2239,397.5795,402.4805,697237.55069326
2022-03-04,402.4805,404.2212,372.0744,375.3126,785931.30713564
2022-03-05,375.3126,387.4162,367.5102,384.7154,599577.18900775
2022-03-06,384.6153,387.4162,372.7118,380.7142,506463.2035746
2022-03-07,380.9142,385.4156,362.9726,382.1146,997265.85562022
2022-03-08,382.0146,388.6777,376.2128,380.3761,741146.93792482
2022-03-09,380.3761,402.6403,379.876,391.8392,1089816.4910109
2022-03-10,391.8784,394.5789,363.1452,372.4489,863560.39999314
2022-03-11,372.4489,380.152,364.8094,373.4747,588263.65137248
2022-03-12,373.7747,379.2,371.2371,375.0375,420117.62060099
2022-03-13,375.1375,377.2754,361.5084,362.4087,419620.24029937
2022-03-14,362.0724,371.8744,359.636,369.5739,615116.31516261
2022-03-15,369.6739,374.7749,362.1724,372.1116,549429.8355515
2022-03-16,372.2116,386.716,368.0736,383.1149,676230.56095588
2022-03-17,383.1149,393.618,381.8764,391.5957,641627.51828797
2022-03-18,391.6957,400.24,384.1536,395.8978,665918.83038469
2022-03-19,395.7978,406.6032,395.058,399.1596,570166.1327747
2022-03-20,399.1995,400.9003,386.4545,393.0572,511279.49342921
2022-03-21,393.1965,399.4996,385.1925,396.7586,621836.79593081
2022-03-22,396.7586,410.205,395.0974,406.4031,699615.49458178
2022-03-23,406.303,411.9058,398.1592,406.6626,629301.37414479
2022-03-24,406.6032,416.8083,405.162,414.0656,763438.48396146
2022-03-25,413.9655,421.7107,405.7622,410.5052,745368.68060441
2022-03-26,410.5642,416.4081,407.663,414.5658,354950.62753907
2022-03-27,414.5658,427.571,411.8647,426.9707,484731.19898444
2022-03-28,427.0281,441.0764,426.3853,434.4737,924896.85409064
2022-03-29,434.6172,441.7766,427.7283,432.7163,819525.05181311
2022-03-30,432.673,449.4348,426.5706,442.7328,846291.53560475
2022-03-31,442.8328,452.3905,424.0848,429.4859,1178838.8118265
2022-04-01,429.6288,447.2788,413.0826,444.0776,1247495.0601845
2022-04-02,443.9888,454.3817,438.5315,442.3769,979752.51276413
2022-04-03,442.4769,450.18,432.3297,450.18,826551.66403509
2022-04-04,450.3351,455.8823,433.5867,445.9892,929907.41953039
2022-04-05,446.0338,460.138,444.8334,449.945,895501.98400487
2022-04-06,449.945,450.6901,418.4,426.4,885323.39872699
2022-04-07,426.4426,449.945,416.3416,435.5435,932882.69657583
2022-04-08,435.5435,441.1882,422.1844,425.9703,875628.11688975
2022-04-09,425.9703,428.3285,418.6255,422.4267,530053.33692955
2022-04-10,422.6267,429.5859,420.5841,423.8848,449490.79655318
2022-04-11,423.7847,425.0425,392.3785,393.1179,840736.25076314
2022-04-12,393.0179,416.8834,391.4174,413.0239,856206.21299819
2022-04-13,413.0239,423.1269,410.082,422.2266,815309.4481005
2022-04-14,422.1266,427.0281,411.4234,416.2416,668633.02847696
2022-04-15,416.2416,420.084,412.5825,417.4835,424291.85175037
2022-04-16,417.4835,418.8838,411.6412,417.0834,233314.6246398
2022-04-17,417.4835,418.7837,412.4412,414.3829,225148.58902079
2022-04-18,414.4829,417.9253,396.4396,417.1251,758898.51801932
2022-04-19,417.0251,424.7274,414.7244,420.6841,655871.83627939
2022-04-20,420.6841,431.4431,415.0415,419.4839,742167.25412274
2022-04-21,419.4839,425.7851,406.0406,406.3406,753513.74313227
2022-04-22,406.3406,413.9828,401.7803,408.0408,700648.35393531
2022-04-23,408.1816,408.2816,397.3795,405.9812,404894.93724938
2022-04-24,406.0812,406.2812,397.7795,401.3803,404509.69905018
2022-04-25,401.4803,403.3807,382.5383,403.1403,787105.56352493
2022-04-26,403.0806,407.4815,382.7765,386.9387,614442.5709535
2022-04-27,387.0387,394.8,381.3381,390.539,678271.75918
2022-04-28,390.6391,407.7408,388.5388,405.9,997003.07999762
2022-04-29,405.9,410.7411,389.7,392.2392,910331.93465364
2022-04-30,392.2392,399.94,388.5388,388.9,528551.21767289
2022-05-01,388.8,391.0391,375.6,388,759664.15119724
2022-05-02,388.1,392.5392,382.2,389.1389,602260.27402267
2022-05-03,389.1389,392.3392,379.724,383.0617,481170.23292087
2022-05-04,383.0617,403.1,381.6618,402.1,672289.45098051
2022-05-05,402,413.4173,370.6259,377.2245,1263608.3011738
2022-05-06,377.3245,383.1617,370.8629,379.962,768733.00918425
2022-05-07,379.962,381.5618,365.5634,365.6269,564676.01792656
2022-05-08,365.9634,367.5632,350.1599,359.1922,857216.37821922
2022-05-09,359.0922,359.2281,299.91,307.4385,1337804.7451972
2022-05-10,307.4385,332.7002,289.7131,309.6761,1574571.1441918
2022-05-11,309.1763,322.6709,259.7568,269.001,2068226.5414835
2022-05-12,269.2003,283.86,208.7208,265.8802,2906511.252706
2022-05-13,265.581,312.8182,262.2899,298.6914,1682865.6381779
2022-05-14,298.6914,299.5898,271.6556,288.7951,1178197.5675699
2022-05-15,288.7951,309.1286,285.2715,308.5983,729587.44106136
2022-05-16,308.6982,312.2249,289.9516,300.3091,746427.43561314
2022-05-17,300.2092,310.1585,296.1146,305.003,713385.60778871
2022-05-18,305.1028,308.1988,288.4246,293.6178,669828.02944093
2022-05-19,294.0173,308.3913,286.6269,305.1945,757067.43241343
2022-05-20,305.0946,315.5474,293.8175,302.2369,879440.91766778
2022-05-21,302.137,313.7601,299.0407,311.3947,644681.53552209
2022-05-22,311.3947,323.1793,310.9952,316.4198,787393.84182758
2022-05-23,316.4198,336.663,316.4198,324.3104,1046089.2350532
2022-05-24,324.178,329.4372,311.7255,328.1728,1088751.2755377
2022-05-25,328.3726,337.3946,323.6436,328.7051,1018093.5785369
2022-05-26,328.7051,331.435,297.143,311.7879,1217624.0424806
2022-05-27,311.7567,313.3863,290.9796,301.5981,1246312.6227387
2022-05-28,301.1533,309.0628,296.6317,307.8394,746119.53299477
2022-05-29,307.8394,310.0586,298.2775,303.3659,549474.94462493
2022-05-30,303.3659,322.7739,302.9815,321.4426,936712.22464863
2022-05-31,321.7746,324.3403,313.3491,318.8447,706971.23595931
2022-06-01,319.0446,324.2599,297.702,297.9316,692680.58333229
2022-06-02,297.9316,306.2242,297.4023,306.1242,564259.04716569
2022-06-03,306.1242,309.9673,293.1066,298.8398,585928.927564
2022-06-04,298.8398,301.7161,294.5933,300.0718,368383.87618007
2022-06-05,300.0718,302.6274,294.7493,300.4173,387170.69620664
2022-06-06,300.4173,312.0408,287.858,297.1472,662328.72768251
2022-06-07,297.1502,297.9495,273.3975,291.8634,742154.39894578
2022-06-08,291.7635,294.4026,283.7898,289.6116,507255.42654354
2022-06-09,289.5117,293.1477,286.1737,289.4567,298272.33774154
2022-06-10,289.4567,298.3253,282.9714,285.9335,760370.33376307
2022-06-11,286.0334,290.2891,264.971,271.0933,763705.25599253
2022-06-12,270.9934,273.4851,250.7459,261.3781,956180.32732994
2022-06-13,261.1784,261.7802,213.2796,224.5874,1583173.6209625
2022-06-14,224.6895,229.0651,203.9976,215.9406,1042110.9232994
2022-06-15,215.7408,228.0489,198.4441,225.9606,1201493.1526722
2022-06-16,226.0604,232.3441,211.4671,215.7192,954459.00153594
2022-06-17,210.8066,221.706,207.5112,215.541,2399563.3769145
2022-06-18,215.6409,218.7416,183.3283,193.7856,1490648.2203567
2022-06-19,193.7856,216.3401,189.5286,213.2225,1287007.5426486
2022-06-20,213.2225,219.1367,204.5338,214.0643,827527.14561164
2022-06-21,214.264,228.1944,212.6658,221.1565,949854.58946347
2022-06-22,220.8568,222.0777,211.0676,215.5842,796791.73126374
2022-06-23,215.5842,230.1696,213.786,226.1736,961328.53469515
2022-06-24,226.1736,241.8966,226.151,240.4123,659610.26013673
2022-06-25,240.5123,242.9568,229.6437,239.3323,624612.97326498
2022-06-26,239.5322,244.9333,235.6585,238.7519,581944.70777455
2022-06-27,238.7543,240.8458,230.1042,233.5919,759223.8321069
2022-06-28,233.6918,242.372,230.2972,232.4115,947402.72357059
2022-06-29,232.3116,232.3116,215.3003,221.0322,930984.01288693
2022-06-30,221.1321,222.1331,205.343,211.1463,1118530.7427958
2022-07-01,211.3461,226.5505,210.8467,217.7602,960926.13111249
2022-07-02,217.6603,219.1367,213.5434,219.0368,682881.83435807
2022-07-03,218.937,219.714,214,218.8152,392213.81731902
2022-07-04,215.3197,228.925,214.9202,228.4256,554687.83747203
2022-07-05,228.4256,236.3161,222.6548,232.0445,1111794.5947814
2022-07-06,232.1444,239.3364,228.7481,237.8381,1020538.7987389
2022-07-07,237.8381,243.5294,230.0467,242.2546,824444.19058128
2022-07-08,242.3545,247.5266,236.8341,241.455,996778.51034759
2022-07-09,241.455,244.853,239.832,243.4538,585859.45906734
2022-07-10,243.5294,244.1534,231.7609,234.5592,459417.58442001
2022-07-11,234.5592,234.859,227.8404,228.8938,669689.97099215
2022-07-12,228.7939,228.8397,220.779,221.8779,792441.94332699
2022-07-13,221.7558,228.8709,216.3834,226.0963,1211524.223475
2022-07-14,226.1962,239.856,225.5742,237.3575,1195000.7080916
2022-07-15,237.3575,242.4787,235.3587,239.5281,1092121.060911
2022-07-16,239.5281,250.2499,233.8064,249.0253,848844.224512
2022-07-17,249.1502,255.6795,246.4581,250.2349,1000774.9851057
2022-07-18,250.2349,264.7682,247.5232,257.4408,1543677.6518006
2022-07-19,257.4408,274.6,255.877,271.3434,1799105.881418
2022-07-20,271.3434,272.0816,256.9949,262.5131,1647047.0901064
2022-07-21,262.5131,266.0452,250.8251,265.1663,1291431.8595932
2022-07-22,265.2663,271.4353,261.2261,263.758,1178427.999013
2022-07-23,263.858,272.4973,252.7,255.4485,1131617.0199305
2022-07-24,255.5485,265.5106,255.4255,264.5529,765339.70491132
2022-07-25,264.5529,266.2532,249.6275,253.5203,1013808.6856706
2022-07-26,253.5203,253.5254,239.7024,244.2342,996621.83528961
2022-07-27,244.2342,269.5593,244.2342,269.1646,1452744.2031381
2022-07-28,269.1646,280.8618,263.6422,277.8556,1787201.3886762
2022-07-29,277.8556,301.9056,274.8027,296.9217,2590951.3299784
2022-07-30,296.3185,300.3081,285.78,288.7982,1551846.240149
2022-07-31,288.8982,297.0653,285.1798,286.7659,1258239.4265991
2022-08-01,286.6659,290.6162,277.975,281.4844,1113787.6253276
2022-08-02,281.4844,291.1873,274.385,285.1485,1220308.6364891
2022-08-03,284.7541,305.7917,278.364,302.1755,1525842.6832072
2022-08-04,302.1755,312.6094,295.4384,309.2093,1818677.8607962
2022-08-05,309.2093,321.4482,308.137,315.5599,1573514.6359591
2022-08-06,315.5599,322.8581,312.8156,319.1702,921801.60557291
2022-08-07,319.0734,325.8456,308.2678,323.3614,1006280.0185332
2022-08-08,323.3614,333.8634,322.1419,324.3389,1358976.3651435
2022-08-09,324.3389,326.6686,312.5688,325.9652,1123059.1571104
2022-08-10,325.9652,336.8582,313.7784,329.3955,1590415.315604
2022-08-11,329.2955,334.7004,323.1324,326.5534,1241988.4252871
2022-08-12,326.5534,327.7638,317.9589,324.149,882126.90168069
2022-08-13,324.2491,333.0664,323.226,326.3272,961521.31590673
2022-08-14,326.2272,331.0291,315.979,318.8956,829933.15255302
2022-08-15,318.8956,327.4819,313.7753,318.7765,979443.95397539
2022-08-16,318.8797,322.3677,312.1218,316.8285,818680.43201659
2022-08-17,316.9285,323.9324,304.4213,306.5215,1106576.2701319
2022-08-18,306.3214,310.5186,301.5121,303.503,948674.88436537
2022-08-19,303.503,304.0304,276.7,279.628,1519084.0544027
2022-08-20,280.128,289.1318,276.9778,283.0943,1314578.1884855
2022-08-21,282.9943,304.0909,281.3,300.994,1169742.1283151
2022-08-22,300.894,304.6061,288.7827,297.7464,1353545.4267089
2022-08-23,297.9464,301.6547,293.7912,298.406,972875.14337628
2022-08-24,298.5701,301.2181,294.4,297.6268,818054.98571557
2022-08-25,297.7268,307.2662,295.8059,301.9091,965971.4620424
2022-08-26,301.9091,302.7818,282.8,284.5285,945430.44481095
2022-08-27,284.4284,284.9285,273.4082,274.6082,1009223.6099973
2022-08-28,274.5055,284.1057,274.1082,281.4,662271.23150756
2022-08-29,281.3,286.3,272.3591,284.3199,1046982.5979973
2022-08-30,284.3227,292.0234,276.6055,281.9254,965179.59303684
2022-08-31,281.9254,289.9,278.6084,282.2972,878925.82364522
2022-09-01,282.2972,282.7028,271.1702,276.7834,696503.37003247
2022-09-02,276.7834,283.3198,274.0192,276.2414,671097.61715748
2022-09-03,276.2442,278.8307,274.3,276.9277,337603.08439855
2022-09-04,277,280.5281,275,277.8,388967.21732335
2022-09-05,277.8,281.5281,273.4,275.3275,558827.90804437
2022-09-06,275.3275,286.3286,261.7738,265.2,1029989.7945068
2022-09-07,265.1,280.2972,258.6922,278.8195,867111.1442167
2022-09-08,278.9,282.7198,275.6248,280.6421,810101.88591733
2022-09-09,280.7,295.9562,279.6336,289.8985,902518.0085732
2022-09-10,290.0015,297.3189,289.71,294.756,712516.22676478
2022-09-11,294.7589,298.7105,290.9698,291.4699,625755.86136132
2022-09-12,291.3699,299.8869,290.0725,292.7527,875917.4939021
2022-09-13,292.8527,298.1835,276.0221,278.3056,1021076.2156674
2022-09-14,278.3028,282.7226,273.4055,279.4699,954363.72210267
2022-09-15,279.4699,280.4645,266.6413,271.6755,1057145.8899235
2022-09-16,271.6755,276.4724,268.4731,273.9726,605031.43099263
2022-09-17,273.9726,279.928,273.5726,277.9,439145.18732256
2022-09-18,277.9,280.1,263.3,266.5,623459.56511497
2022-09-19,266.4,271.0542,256.7,268.9269,1149689.9282127
2022-09-20,269.0269,273.7274,265.3,266.2266,802992.28507054
2022-09-21,265.8027,276.4,262.5,264.4,1028239.8680726
2022-09-22,264.4,275.7,260.4,273.4,873064.4826501
2022-09-23,273.5,277.7722,268.7,274.9725,882314.65267835
2022-09-24,275.1725,284.9943,274.9808,276.2221,799220.07872887
2022-09-25,276.3221,279.8112,272.3973,272.4,540975.31434194
2022-09-26,272.4,276.9,270.8,274.1,727706.20229374
2022-09-27,274.1,286.5286,269.3,272.3728,964248.05510162
2022-09-28,272.2728,283.6716,266.3734,282.1,944716.77353857
2022-09-29,282.2,285.6,277.2,282.4282,764975.84119417
2022-09-30,282.5283,289.8,280.8719,281.3,936650.98828556
2022-10-01,281.2,285.4,277.7,283.2,537356.46874284
2022-10-02,283.2,287.1287,279.5279,285.8,447143.50825893
2022-10-03,285.7,289.0289,283.1,285.7286,682701.64093485
2022-10-04,285.8286,298.2895,285.5285,295.7887,777406.39364543
2022-10-05,295.9888,296.9594,289.2,292.7585,575402.04725284
2022-10-06,292.7585,297.9477,278.7334,279.7475,845571.04825518
2022-10-07,279.8476,287.4374,279.1474,282.8396,1139683.135393
2022-10-08,282.7283,283.3368,276.1304,276.5719,455064.82179659
2022-10-09,276.5719,279.4559,275.2,278.3557,459834.72676298
2022-10-10,278.4557,279.1558,271.6,274.9725,576914.80851906
2022-10-11,274.9,275,267.6732,270.173,636913.72143658
2022-10-12,270.1757,272.7973,269.3,271.1081,471225.68277344
2022-10-13,271.2081,273.7219,257.5742,273.0218,1240048.6293003
2022-10-14,273.1218,276.8249,267.6027,268.3107,692143.55719709
2022-10-15,268.4107,271.4163,268.108,268.2134,353626.79734144
2022-10-16,268.2161,273.8945,267.5187,271.3109,432837.78503747
2022-10-17,271.3136,275.5413,269.9027,274.9055,471842.13467518
2022-10-18,274.8055,276.0138,270.2027,273.0164,484569.8199996
2022-10-19,273.0109,273.9219,270.3054,273.4,359970.28809094
2022-10-20,273.4,273.4137,267.2813,269.0812,459845.10528841
2022-10-21,269.0731,271.1054,263.4947,269.3215,541788.85289949
2022-10-22,269.3215,271.1163,268.4242,270.3243,248468.23219412
2022-10-23,270.4243,275.6358,268.7054,275.1385,322495.67972102
2022-10-24,275.3358,277.4166,271.619,273.4109,430116.36485414
2022-10-25,273.5109,289.9696,271.9782,287.492,1029356.9494901
2022-10-26,287.3948,291.8788,283.4708,289.7811,874453.34297852
2022-10-27,289.8811,293.3675,284.6972,286.7172,764176.17631271
2022-10-28,286.8172,301.0602,284.9228,297.6595,1025507.0733104
2022-10-29,297.7595,308.4202,295.7562,304.6701,1442927.1276892
2022-10-30,304.7701,318.8606,301.6814,312.4625,1499832.3002005
2022-10-31,312.4625,337.8,306.5674,328.4803,2815129.3229405
2022-11-01,328.4803,334.5565,317.3429,325.0675,877325.66453607
2022-11-02,325.161,329.5934,315.3748,319.8808,1285291.7208135
2022-11-03,319.8808,338.5628,317.9777,332.5,1402255.9817181
2022-11-04,332.5,358.8072,327.5967,352.3282,1930425.8283274
2022-11-05,352.3282,361.2397,347.8104,349.9175,1010103.4037965
2022-11-06,349.8175,355.6893,346.2138,349.1244,830283.42036181
2022-11-07,348.9244,349.2244,326.5163,332.7399,1870946.80209
2022-11-08,332.7998,397.3347,300.39,316.4465,5498454.2322833
2022-11-09,316.3462,335.8379,263.2874,273.3269,3604704.4396387
2022-11-10,271.5224,339.2859,264.416,306.8703,2256594.9539447
2022-11-11,307.1149,350.64,281.2012,289.5491,976704.82198926
2022-11-12,289.0156,293.4708,271.2109,282.4906,1023290.809499
2022-11-13,282.5904,286.0129,273.0267,276.2128,607921.10152788
2022-11-14,276.2128,291.6496,267.5712,275.2865,978117.6252745
2022-11-15,275.2865,281.9178,273.0267,275.3244,615676.66190046
2022-11-16,276.0628,279.9254,268.6472,271.5499,589721.5772628
2022-11-17,271.6499,273.1758,263.021,268.2906,574696.15987267
2022-11-18,268.3905,274.4895,266.7025,272.9857,394270.59655598
2022-11-19,272.9857,274.254,268.6772,272.8132,288522.32264032
2022-11-20,272.9159,273.4714,261.5042,264.0008,462349.41705091
2022-11-21,264.1006,264.7024,249.7375,253.6927,964889.48037703
2022-11-22,253.6952,267.352,251.6674,266.1749,572866.68737313
2022-11-23,266.2747,301.1714,264.5795,296.0769,2111578.2441247
2022-11-24,296.7791,303.7624,293.7236,300.3445,907185.80341035
2022-11-25,300.5473,305.8072,293.9646,299.9289,730730.14613523
2022-11-26,300.0289,317.6125,299.6231,310.3168,858368.83957456
2022-11-27,310.2169,316.4973,309.917,313.6991,426377.51118078
2022-11-28,313.5992,313.8744,287.3591,292.6887,1060598.572005
2022-11-29,292.7887,305.1382,288.8786,296.9901,668465.71851639
2022-11-30,296.9901,305.2565,292.7941,300.712,721858.45605452
2022-12-01,300.512,302.5272,290.2,292.7176,1389014.7635804
2022-12-02,292.8176,293.8235,285.5314,291.9175,551263.30390862
2022-12-03,291.9175,294.3265,289.1145,290.6291,332963.87886896
2022-12-04,290.529,292.5292,287.6575,291.3291,338215.11999297
2022-12-05,291.3291,297.1891,286.2029,288.2058,443645.70255451
2022-12-06,288.2058,290.6087,286.5971,288.8942,316452.3555536
2022-12-07,288.7942,290.8942,281.1169,284.1,536308.60582969
2022-12-08,284.2,291.9292,282.3972,289.7203,358909.33716869
2022-12-09,289.829,292.0146,284.4171,286.0086,432154.94847731
2022-12-10,286.0286,289.8971,285.6971,287.7942,165296.45813471
2022-12-11,287.8942,291.2971,283.9568,285.5285,256875.34859398
2022-12-12,285.4571,286.2572,271.8109,276.7249,759957.91317794
2022-12-13,276.7249,282.079,255.6792,271.6348,2093456.9792941
2022-12-14,271.7348,278.3499,265.5867,267.8187,849120.8622851
2022-12-15,267.9188,268.8269,256.5256,257.2514,474491.66179024
2022-12-16,257.2514,264.6,227.8683,230.323,1255073.5788061
2022-12-17,230.223,241.6362,220.011,240.2312,1365268.2514896
2022-12-18,240.2312,253.9102,238.6334,251.2327,845217.70977871
2022-12-19,251.2327,253.8355,237.0071,240.1976,554759.96255164
2022-12-20,240.1976,253.2949,239.2952,250.91,444411.49626816
2022-12-21,251.01,252.6076,245.4,246.5123,236405.97831046
2022-12-22,246.6123,248.3,240.1832,245.5582,312471.34594541
2022-12-23,245.5582,248.6602,243.878,245.9754,211887.37899231
2022-12-24,246.0754,246.3828,243.4757,244.4829,117507.1860394
2022-12-25,244.3829,245.7877,241.3759,242.7684,143742.76664827
2022-12-26,242.8757,244.8755,241.9468,242.5515,116201.65176257
2022-12-27,242.6515,248.4478,242.0322,246.104,262005.6148461
2022-12-28,246.2039,247.1961,241.5251,243.3685,238948.68588183
2022-12-29,243.3709,246.8012,243.1711,245.5919,174874.56022421
2022-12-30,245.6894,246.784,242.7005,244.9775,151473.36656924
2022-12-31,245.1749,247.7311,244.6752,246.1669,165786.31404742
2023-01-01,246.1669,246.7341,243.3712,244.655,119845.06017233
2023-01-02,244.7249,247.8608,240.6989,246.0512,199584.21224081
2023-01-03,246.0013,246.7985,244.1099,245.7741,157000.32744629
2023-01-04,245.8865,260.8156,245.5393,257.7049,565488.69653536
2023-01-05,257.7149,259.3096,255.0928,256.8101,195345.21027005
2023-01-06,256.8229,260.5931,254.0576,259.7195,263433.80990627
2023-01-07,259.7169,263.7235,259.217,260.9374,146083.01324915
2023-01-08,260.9374,272.5591,260.0584,271.7674,253899.02576043
2023-01-09,271.7674,283.4773,271.3674,273.2973,489224.37405156
2023-01-10,273,278.6028,270.6865,276.8388,315743.0875503
2023-01-11,276.9415,280.9,274.0973,280.2748,235762.54074502
2023-01-12,280.3748,288.6346,278.986,287.0258,431614.88236062
2023-01-13,287.0258,295.8237,284.8573,293.0264,446760.08128117
2023-01-14,293.2264,314.4472,292.3292,305.2153,1206163.7858363
2023-01-15,305.3153,306.3214,291.9292,302.7878,422290.75112924
2023-01-16,302.8878,308.1863,293.1205,299.706,485659.33028126
2023-01-17,299.706,305.7031,295.1266,300.7301,391664.03471223
2023-01-18,300.8301,305.2244,281.2606,290.3855,917269.68466413
2023-01-19,290.2855,295.397,286.1771,293.8882,300004.34182888
2023-01-20,293.8912,304.6548,286.6971,303.2546,576242.05987386
2023-01-21,303.3546,309.9868,300.002,301.8604,744952.59865313
2023-01-22,301.2452,311.4592,298.5507,301.6603,546490.8614891
2023-01-23,301.6603,307.8462,301.2572,305.7459,351562.22847372
2023-01-24,305.8459,323.5356,300.248,302.206,797234.9440715
2023-01-25,302.206,313.8596,293.7529,305.0519,683821.82970957
2023-01-26,305.0519,309.5557,301.6211,304.5244,491762.24438758
2023-01-27,304.6244,310.5497,298.9687,307.3167,377107.2453168
2023-01-28,307.3075,313.5784,303.6698,304.8579,296751.70974583
2023-01-29,304.861,320.5385,304.2639,318.1159,630134.5761208
2023-01-30,318.1127,320.8192,302.397,306.1214,529878.13577286
2023-01-31,306.0214,314.2749,305.3122,312.6281,324736.06661956
2023-02-01,312.7281,319.4351,305.7031,317.119,478191.514904
2023-02-02,317.119,334.4568,316.3316,326.6653,814783.54701069
2023-02-03,326.7653,335.5101,318.435,330.6264,867777.73060645
2023-02-04,330.6264,334.1167,327.1229,331.0265,254630.05620604
2023-02-05,330.9265,337.8777,324.181,328.182,523603.36177128
2023-02-06,327.6819,331.3901,320.8577,326.5131,347271.37785838
2023-02-07,326.5131,333.0133,323.7227,332.5233,365789.73056255
2023-02-08,332.5233,335.8168,323.6356,327.5262,303836.75558308
2023-02-09,326.7196,329.1901,302.0574,304.1274,436051.08897995
2023-02-10,304.2304,309.2742,302.5696,305.2458,295833.54615062
2023-02-11,305.2,311.328,304.6457,310.828,184073.87636561
2023-02-12,310.9622,320.8321,306.2459,316.2316,335837.19798525
2023-02-13,316.2316,316.7317,283.0386,291.5574,1390716.0439865
2023-02-14,291.5603,301.7357,290.1087,296.1154,698355.7455814
2023-02-15,296.1214,317.3476,294.1058,316.1569,655883.04482106
2023-02-16,316.0569,327.6459,307.3307,307.6046,1318062.6047836
2023-02-17,307.6046,317.3317,302.8333,313.5313,863512.7513264
2023-02-18,313.6314,319.1479,312.9532,316.3538,394818.87158127
2023-02-19,316.3506,318.8383,310.39,313.0689,472814.65303057
2023-02-20,313.1689,319.8352,308.1924,313.7125,761316.86138207
2023-02-21,313.7125,317.4508,309.5464,311.1529,494020.72687466
2023-02-22,311.1529,311.9374,303.7152,310.8,294802.18973125
2023-02-23,310.9,315.2284,305.8581,308.6401,407742.71889969
2023-02-24,308.6432,312.0593,298.6358,301.097,471581.34694455
2023-02-25,301.097,303.0303,296.5415,301.6211,235823.82358131
2023-02-26,301.6211,309.7124,300.697,308.3185,194833.98071535
2023-02-27,308.2154,309.4186,300.527,304.6183,298196.85651155
2023-02-28,304.6152,305.7,300.024,302.7515,253009.22572336
2023-03-01,302.6575,306.4245,300.5481,302.0393,266491.09193008
2023-03-02,302.0393,303.8395,295.7793,300.227,256842.67240234
2023-03-03,300.227,300.427,286.8402,289.2202,406817.47231188
2023-03-04,289.3174,291.5175,285.8143,288.1202,174856.36255801
2023-03-05,288.1202,292.8117,287.9202,289.0318,160587.29060251
2023-03-06,288.7346,289.7319,283.266,287.7827,296757.44569154
2023-03-07,287.7827,290.3739,283.3575,287.5856,263610.56675917
2023-03-08,287.5856,293.9677,285.0829,287.2828,309227.6145791
2023-03-09,287.1713,291.265,271.5375,276.2249,378108.50360124
2023-03-10,276.2276,278.5534,265.0788,277.9806,547089.15066042
2023-03-11,277.7799,285.5944,272.8216,275.9214,555646.96233286
2023-03-12,275.9214,289.1,275.7993,287.3122,395896.27144312
2023-03-13,287.4132,315.497,287.0634,310.4337,1300336.2839572
2023-03-14,310.4337,320.6428,303.8573,310.3735,993227.28059248
2023-03-15,310.3735,314.3213,300.738,306.8835,622344.91716564
2023-03-16,306.8835,333.6253,303.9692,331.714,2278328.7054269
2023-03-17,331.714,339.6856,326.5102,337.5061,1142274.2398558
2023-03-18,337.5095,346.9895,329.885,333.1933,1105206.8559472
2023-03-19,333.1933,342.6214,330.9438,339.5257,616793.91169335
2023-03-20,339.5257,340.2712,332.7241,337.5275,745917.19330553
2023-03-21,337.5275,340.9061,328.4205,336.4699,674366.72227983
2023-03-22,336.3696,340.4623,317.3545,322.4812,2163173.3398718
2023-03-23,322.4812,332.8937,319.8613,328.9829,483925.75204183
2023-03-24,328.8827,330.693,317.2296,322.0571,424061.96718567
2023-03-25,322.0571,325.1216,319.3158,322.1121,444376.92292104
2023-03-26,322.012,328.7792,321.912,327.77,257689.16118473
2023-03-27,327.8701,329.9708,306.0193,308.745,607314.09913737
2023-03-28,308.2448,315.8884,306.9197,313.2221,456833.74844294
2023-03-29,313.1221,319.9992,311.781,314.3597,422134.76644736
2023-03-30,314.4597,320.3609,309.2928,316.9887,694672.42995366
2023-03-31,316.8855,319.748,312.8938,316.6633,326823.44281704
2023-04-01,316.6633,319.0447,313.097,315.2134,248944.82753653
2023-04-02,315.2166,316.317,310.9113,312.9939,174315.97782465
2023-04-03,312.9939,314.2351,300.4691,305.8192,668569.90037232
2023-04-04,305.9193,312.725,305.3434,311.3556,450994.26105594
2023-04-05,311.6557,316.5266,310.2993,314.6132,381581.44152544
2023-04-06,314.6132,315.2481,310.8367,312.3293,283993.03093423
2023-04-07,312.4693,312.8063,309.5478,310.8599,203237.85169786
2023-04-08,310.8229,312.7325,310.2954,310.7712,190136.66723298
2023-04-09,310.8112,312.7094,309.7012,312.7094,197271.6232475
2023-04-10,312.7094,315.3923,311.7059,313.657,273259.58423065
2023-04-11,313.6539,333.2831,313.6539,324.8213,1001992.954041
2023-04-12,324.9214,325.1053,317.1295,320.1495,357092.25739004
2023-04-13,320.1495,325.312,318.0113,324.9116,437109.46255407
2023-04-14,324.9116,335.8657,323.4359,328.9728,1003285.201205
2023-04-15,328.9728,336.336,327.3074,332.499,591102.81915425
2023-04-16,332.499,350.287,330.484,349.434,974405.26698108
2023-04-17,349.434,350.2625,337.8329,339.8004,835726.30805172
2023-04-18,339.8004,346.7352,337.2483,342.4582,552453.5395437
2023-04-19,342.3548,343.8169,321.819,324.8786,758299.37324357
2023-04-20,324.9754,326.849,315.2896,318.1254,519056.06607899
2023-04-21,318.1223,332.6166,315.2968,319.5648,1461591.0939486
2023-04-22,319.5648,331.9332,319.2649,331.8299,523457.40236863
2023-04-23,331.6298,333.13,327.4557,329.7165,465880.58205873
2023-04-24,329.7165,333.9267,327.7623,331.3066,563933.7367175
2023-04-25,331.3066,337.554,328.6296,337.3776,497493.93337167
2023-04-26,337.4776,345.069,324.7649,331.1059,938540.16629851
2023-04-27,331.1059,336.7279,328.715,334.2103,671890.28123217
2023-04-28,334.2103,334.3069,318.9307,324.2495,1564145.3994136
2023-04-29,324.3496,324.9435,321.3183,322.19,290198.78547783
2023-04-30,322.19,338.0926,320.6115,337.9925,925203.13144408
2023-05-01,337.8925,339.6664,326.2294,328.4887,1162708.7800835
2023-05-02,328.4854,329.4856,322.0064,322.1964,463094.17584699
2023-05-03,322.2965,326.8882,320.6058,325.9847,899181.56899427
2023-05-04,326.188,327.6721,323.5164,323.6165,277883.18391535
2023-05-05,323.7165,329.2632,323.339,326.8972,352905.87778441
2023-05-06,326.8972,328.8285,319.9888,323.3617,327522.12987674
2023-05-07,323.2486,325.8328,321.9624,323.3779,161885.33452614
2023-05-08,323.281,323.6815,311.4147,312.6374,440793.91571154
2023-05-09,312.8686,316.1474,311.7425,312.0117,286209.61034832
2023-05-10,312.1118,317.0484,308.8085,313.8822,355910.59358907
2023-05-11,313.8822,315.9156,304.7044,307.2069,362102.55225046
2023-05-12,307.2069,309.3782,301.3506,307.8461,401648.33654629
2023-05-13,307.9462,311.787,307.0841,311.0554,192916.3214891
2023-05-14,311.0154,314.8874,309.7948,311.3567,259314.9520845
2023-05-15,311.3056,316.6315,310.9264,313.9296,243830.37975769
2023-05-16,313.9296,314.8488,309.4837,311.4657,224440.1608456
2023-05-17,311.4445,314.5772,307.3536,313.4466,271795.57289903
2023-05-18,313.4353,315.026,306.2324,310.5842,296508.29235161
2023-05-19,310.6342,311.3474,307.6008,308.3425,237557.97177625
2023-05-20,308.3841,312.3208,307.8553,310.4892,119400.50430966
2023-05-21,310.4592,311.817,305.8034,306.904,169318.77221141
2023-05-22,306.8033,311.2466,304.4922,309.9449,265945.54025989
2023-05-23,309.9649,315.2036,309.0911,313.3688,271312.9923705
2023-05-24,313.4566,313.6314,303.2979,305.5017,335301.23122199
2023-05-25,305.4947,306.7793,302.304,304.7891,317448.23000538
2023-05-26,304.8719,308.3363,301.8472,307.4415,537128.40701933
2023-05-27,307.3922,307.5984,304.0973,306.2133,161625.54170869
2023-05-28,306.2133,311.7717,306.1918,311.5716,258091.91204267
2023-05-29,311.5716,317.2888,310.9902,311.2934,630613.45754026
2023-05-30,311.2934,314.3005,310.4931,312.5218,371418.45190929
2023-05-31,312.6219,312.6219,305.0579,305.5489,491903.50905203
2023-06-01,305.6489,307.7738,303.1697,305.5855,301964.4649406
2023-06-02,305.5855,308.4802,303.2637,307.4799,359161.16804207
2023-06-03,307.5799,308.3048,304.2004,305.7222,183965.51462179
2023-06-04,305.7222,307.7107,305.5161,305.7978,177984.16631892
2023-06-05,305.7978,307.4984,272.2789,274.7824,1719587.0718388
2023-06-06,274.7824,285.7543,273.2973,282.782,923513.92503773
2023-06-07,282.782,282.782,253.8635,257.4283,1890133.8305043
2023-06-08,257.5283,267.3321,257.2412,263.0473,777944.1520392
2023-06-09,263.1474,264.3868,255.8205,261.9476,657523.75883066
2023-06-10,261.9476,262.1554,230.146,238.5383,1932646.6843129
2023-06-11,238.6383,240.3321,233.6074,237.2973,455290.94824
2023-06-12,237.2973,239.3526,220.5772,231.2092,2231215.2771626
2023-06-13,231.2092,246.9025,228.7,241.6686,1716211.7387861
2023-06-14,241.6686,252.6545,232.979,237.5786,1279487.8562596
2023-06-15,237.181,240.7446,230.1411,236.8033,821989.50320827
2023-06-16,236.6035,243.4812,232.0059,238.5414,740302.5892119
2023-06-17,238.5514,249.4128,237.1158,245.4669,673269.78375382
2023-06-18,245.3669,248.5481,242.3782,243.1441,418877.92638984
2023-06-19,243.2365,244.7981,238.4692,242.4748,534403.49494344
2023-06-20,242.5524,245.0267,238.7097,243.3265,727254.66468105
2023-06-21,243.4765,254.4522,243.1965,248.1124,1340526.8130166
2023-06-22,247.8223,257.0103,242.1291,243.1511,1289341.9597902
2023-06-23,242.951,249.8425,239.4503,244.5418,864369.03653681
2023-06-24,244.5418,248.7144,230.5198,235.6484,1076665.7246523
2023-06-25,235.6484,242.1944,235.2199,237.9761,650656.68131533
2023-06-26,237.9761,241.3024,233.8168,234.4492,627981.57503765
2023-06-27,234.3492,240.8819,233.7514,239.043,424753.47520178
2023-06-28,239.0454,239.1454,225.8135,230.6977,757969.81108836
2023-06-29,230.6977,236.6574,230.1816,233.3673,444852.15645113
2023-06-30,233.4696,241.642,230.7238,240.3183,988609.24256936
2023-07-01,240.3159,248.9975,240.0496,248.4,938843.59114456
2023-07-02,248.4975,248.6,242.8757,245.5221,667785.17423289
2023-07-03,245.6221,254.3924,245.2049,247.3173,1174511.3055152
2023-07-04,247.1173,247.4198,240.4264,242.4533,561959.01856634
2023-07-05,242.4485,243.9293,236.7047,238.8382,563952.32798625
2023-07-06,238.7358,244.4122,233.8117,234.3789,842673.0128494
2023-07-07,234.3789,236.2354,231.1092,235.1235,586266.04337782
2023-07-08,235.1235,237.6071,234.2211,235.6401,313815.42393272
2023-07-09,235.6377,237.045,233.2743,234.2222,264607.67181264
2023-07-10,234.3222,246.4148,231.5293,244.7489,701743.41895782
2023-07-11,244.9245,248.7274,243.051,248.0025,710168.03059639
2023-07-12,247.905,250.4,242.583,243.9927,603815.31378083
2023-07-13,243.9951,257.6721,242.6854,253.1987,970448.13596031
2023-07-14,253.0987,261.8099,243.6266,246.2206,1080968.1661049
2023-07-15,246.3206,252.5783,245.9303,250.6752,451563.45277245
2023-07-16,250.6727,252.1731,243.9219,244.7125,410719.56437664
2023-07-17,244.6125,245.3201,239.8647,244.4415,1003459.6035041
2023-07-18,244.3415,246.7419,237.6166,240.2528,1143592.9358037
2023-07-19,240.2528,244.0561,239.5431,241.7976,543629.48797303
2023-07-20,241.6976,245,240.2904,243.0781,559053.59582586
2023-07-21,243.0781,245.3828,241.9879,243.5049,338791.7217288
2023-07-22,243.3049,244.9,241.5266,242.2242,166058.43687312
2023-07-23,242.2266,243.9951,240.136,241.6927,202508.72761468
2023-07-24,241.7952,243.0878,235.3411,238.6737,500334.18934614
2023-07-25,238.7713,239.7712,236.248,237.5834,346402.05540817
2023-07-26,237.6834,240.388,236.2575,239.1096,314082.95767627
2023-07-27,239.1096,244.1683,238.4024,240.4351,284779.44746138
2023-07-28,240.4351,242.8879,239.6281,242.0952,221882.51353794
2023-07-29,242.1927,242.5927,241.0928,242.0976,95640.147969503
2023-07-30,242.0976,243.7902,240.4024,242.1782,280289.48804165
2023-07-31,242.1782,244.478,240.4735,241.5589,403775.84267495
2023-08-01,241.5589,247.0764,237.2573,245.4747,1031715.3510948
2023-08-02,245.3748,248.3758,237.3599,241.7621,802948.70755208
2023-08-03,241.8621,242.0619,238.0593,240.7049,354638.0246908
2023-08-04,240.7049,243.2345,239.8176,241.443,317470.06515141
2023-08-05,241.5429,243.9782,239.9439,242.5329,203244.21842323
2023-08-06,242.6028,246.2856,241.977,242.5357,287239.36906529
2023-08-07,242.5357,244.6061,237.6212,241.4172,343685.91715753
2023-08-08,241.4172,247.8487,241.1079,245.9631,450067.28634257
2023-08-09,245.9631,245.9656,242.5888,243.1882,351795.5889796
2023-08-10,243.1882,244.1534,240.2282,240.8444,292192.69379752
2023-08-11,240.8544,242.0208,238.1306,238.8969,364996.17435885
2023-08-12,238.9369,241.1304,238.6372,240.2054,168161.3728185
2023-08-13,240.2054,241.7116,239.8344,240.6122,144339.65393797
2023-08-14,240.5898,241.0404,239.7099,240.4631,250397.30580663
2023-08-15,240.4432,240.4993,234.6581,237.4362,426902.72401945
2023-08-16,237.5384,237.5384,230.4578,231.4405,411595.01427075
2023-08-17,231.4405,232.142,213.2,214.9774,786117.70630532
2023-08-18,214.8839,222.5154,213.468,216.4917,907619.29432153
2023-08-19,216.3896,219.143,213.6273,216.5437,342273.36739269
2023-08-20,216.6437,217.9826,215.3763,216.8892,167428.45809979
2023-08-21,216.7892,217.0805,206.2917,211.2683,742149.53252865
2023-08-22,211.3683,211.9682,203.3024,206.7276,740455.07010201
2023-08-23,206.7297,218.6687,206.3278,215.4591,653290.0324582
2023-08-24,215.4569,220.8514,215.4569,217.0892,376967.35866363
2023-08-25,216.9893,219.4012,213.7294,217.98,427616.55226178
2023-08-26,218.0778,219.086,216.0962,216.5808,136083.16905926
2023-08-27,216.5808,219.6769,215.7856,217.5977,189703.3073886
2023-08-28,217.6976,219.264,215.1622,217.6889,282538.62987585
2023-08-29,217.6889,234.25,216.8503,227.1431,695613.87956715
2023-08-30,227.2409,227.5387,221.7756,223.1,280483.07099712
2023-08-31,223.0978,225.8819,214.7699,216.374,364712.32054837
2023-09-01,216.374,218.1367,211.1409,213.389,366556.80313667
2023-09-02,213.4911,215.7353,212.9808,213.9765,152724.98042668
2023-09-03,213.9765,215.0613,213.168,214.1636,119879.25472938
2023-09-04,214.1614,216.4524,213.0062,213.8401,229622.85428649
2023-09-05,213.7401,215.8423,213.3975,214.195,192543.53453272
2023-09-06,214.2949,218.2602,212.1003,214.7689,217198.05005543
2023-09-07,214.6711,217.7911,213.4633,216.7894,168101.98685023
2023-09-08,216.998,218.7037,213.3232,214.27,188428.95423049
2023-09-09,214.27,215.3397,214.24,214.4335,53791.746415423
2023-09-10,214.4357,214.5378,211.2535,213.119,224131.51701474
2023-09-11,213.2211,213.723,203.9347,205.5342,383221.32677743
2023-09-12,205.6321,214.2721,204.9467,212.383,356689.84178645
2023-09-13,212.383,213.2851,209.2707,212.5425,223807.75741473
2023-09-14,212.4425,214.9021,211.0831,212.1615,257269.66553685
2023-09-15,212.2615,213.3872,210.9979,212.9936,175682.229444
2023-09-16,213.1936,215.8043,213.0915,214.9193,246051.05810847
2023-09-17,214.8193,216.8477,213.3363,216.1519,226675.40183925
2023-09-18,216.2519,221.2354,215.0323,215.9389,508598.34900816
2023-09-19,215.9345,219.8,215.4431,217.0304,291035.45945745
2023-09-20,217.0304,217.8261,213.6342,214.4107,249114.60308509
2023-09-21,214.4129,215.4043,209.3188,210.7916,380855.22340483
2023-09-22,210.6937,212.0915,209.6958,210.9852,190540.67456803
2023-09-23,210.9873,211.6915,209.8937,210.4147,73208.482478669
2023-09-24,210.4147,211.2106,208.7125,209.7084,103319.70604395
2023-09-25,209.8084,210.5495,206.5186,209.5895,220390.37375844
2023-09-26,209.7874,213.5381,209.6392,211.4091,121549.13568229
2023-09-27,211.4091,215.8272,210.3526,211.2457,147271.47636357
2023-09-28,211.3435,216.9067,211.2414,214.9957,160061.97353171
2023-09-29,215.0957,217.4761,214.2936,215.0763,121851.64478959
2023-09-30,215.0763,216.4,214.0872,215.243,67121.223945242
2023-10-01,215.143,216.5216,213.1192,214.3236,103508.76750735
2023-10-02,214.4236,221.5532,213.1618,213.962,250316.50081077
2023-10-03,214.0621,215.8022,212.4957,213.4979,118241.07083275
2023-10-04,213.3979,213.8171,210.8021,213.2107,130432.13899435
2023-10-05,213.2085,213.9,210.3358,210.8569,104805.49985605
2023-10-06,210.9569,214.5558,210.2399,214.0877,75812.996768018
2023-10-07,213.9877,214.3879,211.6206,212.1208,50478.906794565
2023-10-08,212.2209,212.8297,209.1588,211.5205,96411.276411566
2023-10-09,211.6206,212.2828,202.9507,206.3433,161217.50394526
2023-10-10,206.3433,213.0277,204.8492,208.5229,312093.41519899
2023-10-11,208.5208,208.923,204.3509,206.2422,159211.5218078
2023-10-12,206.2402,207.142,202.9736,205.5219,148916.33004952
2023-10-13,205.5239,208.1209,204.2162,207.0565,111538.68478695
2023-10-14,207.1544,207.5564,205.6589,206.5855,71966.941672618
2023-10-15,206.5876,212.4957,206.2917,209.7084,189665.36602486
2023-10-16,209.7084,218.8481,209.1188,214.688,176778.033554
2023-10-17,214.6901,215.4926,209.3816,211.0781,187270.69217638
2023-10-18,211.1781,213.7684,209.9399,210.3442,104809.77213956
2023-10-19,210.3442,211.5698,208.2479,210.1819,118743.42652748
2023-10-20,210.184,216.4298,210.1819,212.7893,138138.94612018
2023-10-21,212.7872,215.8842,211.4951,215.5055,100388.42684089
2023-10-22,215.5055,216.7953,213.7239,214.873,100710.33274625
2023-10-23,214.873,224.6145,214.873,224.1165,262852.83851225
2023-10-24,224.2165,237.9214,222.2933,225.6729,454136.94048528
2023-10-25,225.4729,229.0588,222.3645,223.1513,197701.98494916
2023-10-26,223.1513,228.041,219.5351,223.0022,246858.24563687
2023-10-27,223.0022,231.0208,219.9418,224.8495,333762.49603212
2023-10-28,224.9517,228.4183,223.747,226.3362,136990.34131673
2023-10-29,226.4385,228.1661,224.2404,227.8797,68554.618346033
2023-10-30,227.8797,229.2756,224.6539,228.1753,104584.74268776
2023-10-31,228.2753,229.3711,224.0672,226.295,106922.32365682
2023-11-01,226.195,229.6147,222.3645,227.1704,284954.56761547
2023-11-02,227.2704,233.8145,226.8726,230.6277,410415.25694591
2023-11-03,230.63,232.4442,225.8203,230.2898,240554.72810552
2023-11-04,230.3898,237.9403,229.3963,237.9403,184702.59602714
2023-11-05,237.9379,245.0714,236.3512,244.6956,256407.46939843
2023-11-06,244.4954,255.0714,241.9054,254.8713,247124.91275938
2023-11-07,254.9688,256.1743,242.1436,246.1107,461117.13700616
2023-11-08,246.2132,248.2975,244.2977,246.5542,274981.9522984
2023-11-09,246.6543,255.9074,241.1386,248.4472,565849.87799571
2023-11-10,248.3472,257.9284,247.9471,251.4307,371034.8366942
2023-11-11,251.4307,255.3582,246.1501,251.2628,290143.24985316
2023-11-12,251.2603,251.9529,244.8734,248.6019,238487.7915858
2023-11-13,248.7019,250.2451,240.8313,241.5676,160501.11924229
2023-11-14,241.5676,249.3499,235.1212,242.3315,256093.29616401
2023-11-15,242.4315,254.5636,241.9435,252.9264,303827.0807613
2023-11-16,252.9289,255.7614,240.2625,242.9267,506668.10271652
2023-11-17,243.0267,245.9295,238.3214,244.7832,373835.55143922
2023-11-18,244.8832,245.581,238.7026,244.3197,216992.34107131
2023-11-19,244.3197,246.1279,242.033,244.61,114039.68168356
2023-11-20,244.8077,268.1313,238.8955,254.5755,1095254.0491408
2023-11-21,254.5755,271.5652,224.5876,225.0855,2377669.763351
2023-11-22,225.0877,238.4477,224.0851,236.3756,1011180.3998402
2023-11-23,236.3709,239.1909,230.3484,234.0328,315792.86187768
2023-11-24,234.0328,236.4449,231.783,232.8838,252241.58234922
2023-11-25,232.8838,235.8438,232.1902,233.6378,125791.118213
2023-11-26,233.6378,234.6337,228.0889,232.4883,177477.82127937
2023-11-27,232.2859,232.9908,222.7312,226.5045,386337.36534918
2023-11-28,226.5045,231.7927,224.3202,229.7332,218393.7163651
2023-11-29,229.7332,231.3087,226.1633,227.4273,161144.63656918
2023-11-30,227.4273,229.2321,225.9023,227.2364,140271.64666765
2023-12-01,227.2386,230.046,227.0409,228.2913,149595.79638295
2023-12-02,228.289,230.1989,226.4018,228.7052,217006.3810092
2023-12-03,228.8052,232.0067,225.9723,228.6823,258895.12223408
2023-12-04,228.7823,237.3807,225.706,231.9116,667410.34841007
2023-12-05,231.9116,234.8906,227.9137,230.5277,355985.30798108
2023-12-06,230.5277,234.8047,228.7252,229.9253,389867.56815272
2023-12-07,230.0253,234.8,228.4297,232.3813,352163.09276246
2023-12-08,232.1812,239.996,232.1627,238.4787,376798.88883069
2023-12-09,238.3786,245.5687,237.7808,239.2622,396463.95349697
2023-12-10,239.2622,241.4314,236.4804,239.8072,196259.31823605
2023-12-11,239.8072,247.8678,228.1137,244.7873,1061816.2972569
2023-12-12,244.7849,257.1405,244.6776,254.8853,1036390.7892359
2023-12-13,254.7853,256.7998,244.0146,253.4583,660883.24878484
2023-12-14,253.4583,254.0305,248.3521,253.6406,388864.49107489
2023-12-15,253.7431,254.0457,244.9412,245.6221,288169.36604345
2023-12-16,245.6221,248.0982,242.7316,244.804,230597.98721176
2023-12-17,244.9015,244.9186,239.2749,240.9516,214389.9846103
2023-12-18,240.9516,241.1301,231.9097,240.3279,410601.74642798
2023-12-19,240.3279,254.6701,240.3279,251.8715,983193.93844081
2023-12-20,251.8715,261.8628,250.1899,259.3078,577449.25920473
2023-12-21,259.3104,274.8082,256.3128,271.4516,738932.48136074
2023-12-22,271.4516,276.4802,264.9,272.2149,484830.30169333
2023-12-23,272.3177,272.5097,265.7859,271.9332,211143.26002313
2023-12-24,271.8358,272.7036,262.1703,263.774,262432.06788651
2023-12-25,263.874,268.2215,261.723,267.4588,226137.42365014
2023-12-26,267.4588,302.9727,264.2423,294.0706,1480784.8303562
2023-12-27,294.0706,317.9939,285.1743,317.897,1257007.2256403
2023-12-28,317.897,338.3778,317.6651,325.4399,1313360.403096
2023-12-29,325.4399,326.1402,307.2215,311.0622,654551.23524605
2023-12-30,311.1622,320.7936,310.6652,315.4905,246645.2694499
2023-12-31,315.4905,325.3512,307.4477,310.7223,325623.21674396
2024-01-01,310.8223,315.8799,307.0969,313.6596,256270.27484494
2024-01-02,313.7596,321.4441,306.3908,311.9154,425306.6219722
2024-01-03,311.9154,334.2802,295.0684,316.7171,893231.06320055
2024-01-04,316.6234,324.5205,311.2115,322.0828,572497.7937575
2024-01-05,321.9827,327.6306,309.4794,316.75,519370.52881508
2024-01-06,316.75,318.2576,300.4732,307.5844,546591.17486963
2024-01-07,307.5844,310.155,300.207,301.693,212117.27177976
2024-01-08,301.8901,308.268,290.2567,306.1723,412622.07162937
2024-01-09,306.1723,306.9197,295.8385,300.7932,539618.01035997
2024-01-10,300.7932,307.6277,289.3781,306.6736,394824.9562984
2024-01-11,306.5766,316.9172,301.5733,307.4154,573441.12722395
2024-01-12,307.3184,312.9875,289.8144,295.0052,425193.10144765
2024-01-13,294.92,302.9667,290.8331,302.4274,215980.33990297
2024-01-14,302.4274,306.6295,300.049,303.1544,171656.81396518
2024-01-15,303.2544,320.3365,298.6058,316.009,1028929.6794003
2024-01-16,315.8092,319.0167,313.0089,315.7526,532610.55080546
2024-01-17,315.7495,316.2146,306.7391,310.4892,572333.48786737
2024-01-18,310.4892,315.1593,305.431,312.2843,428811.82873955
2024-01-19,312.2843,315.8585,305.4973,312.9898,378518.16489854
2024-01-20,312.9898,316.8495,312.0189,316.6401,145116.27760982
2024-01-21,316.6401,321.5359,315.8724,319.7017,165598.51003307
2024-01-22,319.6761,320.3013,303.484,305.8724,231538.55226764
2024-01-23,305.9723,311.3009,290.3512,297.0384,345842.87934578
2024-01-24,297.0354,300.4745,290.4605,292.6477,409836.73012669
2024-01-25,292.6477,296.5309,287.4533,292.0422,459352.70579025
2024-01-26,292.0422,303.981,290.5517,302.0366,325144.08427695
2024-01-27,302.1335,307.62,301.5336,305.7969,152165.65444807
2024-01-28,305.7969,308.9815,303.0667,304.2513,184539.54842129
2024-01-29,304.2513,310.8062,303.2575,310,191129.47339369
2024-01-30,309.9031,313.0906,307.6723,309.4969,175638.17411106
2024-01-31,309.5969,309.8969,298.6685,301.1313,186179.83491336
2024-02-01,301.1313,301.9399,296.1243,299.6131,188270.9417656
2024-02-02,299.7131,305.0047,299.0013,301.1403,156986.66112676
2024-02-03,301.4402,303.642,299.4891,299.898,97067.986621682
2024-02-04,300.0979,307.5492,297.8897,305.5685,223294.66877213
2024-02-05,304.4693,306.6589,299.2495,300.1063,229887.79959346
2024-02-06,300.0065,303.5876,299.7159,303.3059,116546.55564915
2024-02-07,303.4029,308.6259,300.4655,307.9384,168792.68474944
2024-02-08,308.0384,320.6128,307.2324,319.167,520936.26347745
2024-02-09,319.267,326.2641,318.0445,323.7877,368842.95943958
2024-02-10,323.6909,325.6083,319.136,323.5938,129325.7975991
2024-02-11,323.6938,324.9559,320.1928,320.893,133084.10996977
2024-02-12,320.893,332.0432,315.6032,328.5445,292527.85194106
2024-02-13,328.5412,329.3416,318.7542,324.8266,203659.64858974
2024-02-14,324.8299,334.8044,323.6005,334.2105,215490.21598677
2024-02-15,334.2105,366.5685,333.3931,351.7057,878798.84862547
2024-02-16,351.6056,366.9043,351.007,359.7768,615397.21866743
2024-02-17,359.7732,363.8455,348.4393,352.9812,319636.31749458
2024-02-18,353.0812,358.1501,349.3362,353.3389,236961.42119247
2024-02-19,353.4389,356.2142,349.4734,353.3848,477499.69957554
2024-02-20,353.3848,361.2169,344.9207,354.871,493880.44620162
2024-02-21,354.7674,375.6225,350.914,375,1039670.3307894
2024-02-22,375,387.1845,373.7878,384.5769,753069.03978499
2024-02-23,384.5769,385.5531,369.0926,374.1476,417638.10516304
2024-02-24,374.1514,383.1195,371.6703,382,172806.52115391
2024-02-25,381.9962,390.7414,377.8924,390.2805,280047.57015493
2024-02-26,390.2805,405.1603,381.9694,401.761,575887.52965995
2024-02-27,401.861,403.9463,389.8987,396.1584,382053.33315832
2024-02-28,396.1584,427.6211,394.3813,412.1883,665020.52605503
2024-02-29,412.3843,420.0609,391.5169,396.4338,578450.5226387
2024-03-01,396.5338,408.7308,396.5299,406.813,291834.41725074
2024-03-02,406.4086,415.2438,406.1801,409.3007,276332.12160451
2024-03-03,409.4008,416.9667,402.8945,415.1868,384990.78594937
2024-03-04,415.1868,423.9526,410.8094,419.4609,450188.6218313
2024-03-05,419.561,427.5973,363.0451,392.1704,667805.9977353
2024-03-06,392.5707,434.8869,385.9278,426.4131,894966.53110713
2024-03-07,426.8133,474.3286,423.482,470.4812,790837.69602164
2024-03-08,470.4718,490.0972,462.9747,480.7327,757141.87926043
2024-03-09,480.7279,494.6084,480.7279,489.152,448855.01701117
2024-03-10,489.1471,538.2583,485.9765,521.1598,1083463.6401395
2024-03-11,521.4602,533.8494,508.8254,522.2044,783834.75216705
2024-03-12,522.3044,548.3671,519.3571,536.7376,929926.68263486
2024-03-13,536.7376,618.3708,531.8319,615.7015,1344791.8401675
2024-03-14,615.7077,633.7167,567.2038,603.6886,779710.26126536
2024-03-15,603.5887,613.4361,544.2876,610.5549,1488654.6491253
2024-03-16,610.5549,645.2645,578.3948,585.7542,1160272.5709674
2024-03-17,585.5543,589.9159,548.765,575.9888,868773.83645343
2024-03-18,576.0887,587.1298,540.4135,553.6668,1291891.3710506
2024-03-19,553.6668,560.4047,497.111,508.8518,1094143.5838309
2024-03-20,508.7468,556.4836,500.34,555.9944,687071.57520845
2024-03-21,552.5424,569.5089,544.0768,553.0728,209103.64414236
2024-03-22,553.1727,587.7941,535.5696,541.7192,568985.70967675
2024-03-23,541.6191,567.7,541.219,558.2,408491.13689586
2024-03-24,558.1,570.9,548.9372,570.5658,259049.56457398
2024-03-25,570.5658,598.1316,564.7718,588.5883,597067.67746171
2024-03-26,588.7883,597.191,572.3117,580.7058,580173.46370104
2024-03-27,580.4116,585.5122,563.8953,575.0929,530888.85044114
2024-03-28,575.0929,591.4929,572.5422,585.1228,584065.28938737
2024-03-29,585.1228,620.062,582.2815,618.5968,1246289.9553374
2024-03-30,618.4967,618.4967,597.097,604.1355,640066.14286594
2024-03-31,604.0355,608.8913,599.9279,606.1727,331755.71981847
2024-04-01,606.1727,607.8851,568.8057,580.0203,635345.70463919
2024-04-02,580.1204,580.2262,546.2923,556.0223,802149.56807759
2024-04-03,556.0223,568.1272,539.3078,560.0624,771170.89351328
2024-04-04,560.1624,597.8988,559.5622,585.9406,1091307.0693948
2024-04-05,586.1406,591.6543,564.7089,580.9975,813676.35514852
